Substances,45
Substances and Cells (CHEM),45
Organic Chemicals,41
Amines,27
Heterocyclic Compounds,25
Polycyclic Compounds,25
Carboxylic Acids,24
Hydrocarbons,23
"Heterocyclic Compounds, 1-Ring",21
Amides,21
"Heterocyclic Compounds, Fused-Ring",20
"Hydrocarbons, Cyclic",19
"Amino Acids, Peptides, and Proteins",19
"Hydrocarbons, Aromatic",17
Steroids,17
Fused-Ring Compounds,17
"Acids, Carbocyclic",16
Inorganic Chemicals,16
Aniline Compounds,15
Anilides,15
Acetanilides,15
Acetaminophen,15
Sulfur Compounds,14
Amino Acids,14
"Heterocyclic Compounds, 2-Ring",14
Amino Alcohols,13
Alcohols,13
Azoles,13
Ethylamines,12
Hydroxy Acids,12
Phenethylamines,12
Carbohydrates,12
"Acids, Acyclic",11
"Heterocyclic Compounds, 4 or More Rings",10
Benzene Derivatives,10
Ibuprofen,10
Polycyclic Aromatic Hydrocarbons,10
Phenylpropionates,10
Ascorbic Acid,9
Pyridines,9
"Hydrocarbons, Acyclic",9
Sugar Acids,9
Alkaloids,8
Macrocyclic Compounds,8
"Amino Acids, Essential",8
Pyrroles,8
Phenanthrenes,7
Phenols,7
Opiate Alkaloids,7
Albuterol,7
"Amino Acids, Basic",7
Ethanol,7
"Amino Acids, Diamino",7
Ethanolamines,7
Lysine,7
Morphinans,7
"Heterocyclic Compounds, Bridged-Ring",7
Lipids,7
Propanolamines,6
Metformin,6
Amidines,6
Biological Factors,6
Propanols,6
"Hormones, Hormone Substitutes, and Hormone Antagonists",6
Secosteroids,6
Pregnanes,6
Vitamin D,6
Guanidines,6
Biguanides,6
Pyrimidines,6
Butanes,6
Thiazoles,6
Alkanes,6
Butylamines,6
Dextromethorphan,6
Hormones,6
Enzymes and Coenzymes,5
Corrinoids,5
Norpregnanes,5
Tetrapyrroles,5
Sulfones,5
Vitamin B 12,5
Norpregnenes,5
Norsteroids,5
Pseudoephedrine,5
Proteins,5
Coenzymes,5
Vitamin B 6,4
Cycloparaffins,4
"Hydrocarbons, Alicyclic",4
Picolines,4
Riboflavin,4
Cyclohexanes,4
Salicylates,4
Pteridines,4
Viral Vaccines,4
Piperazines,4
"Amino Acids, Cyclic",4
Nicotinic Acids,4
Peptides,4
"Acids, Noncarboxylic",4
Fatty Acids,4
Hydroxybenzoates,4
Pregnadienes,4
Benzoates,4
Flavins,4
"Acids, Heterocyclic",4
Doxylamine,4
Androstanes,4
Aspirin,4
Androstenes,4
Thiamine,4
"Pigments, Biological",4
Vaccines,4
Acids,4
Complex Mixtures,4
COVID-19 Vaccines,4
"Heterocyclic Compounds, 3-Ring",4
Biological Products,4
Electrolytes,3
Terpenes,3
Hydrofluoric Acid,3
Vitamin A,3
Fluorides,3
Sodium Fluoride,3
Hydroxyzine,3
Cholecalciferol,3
Chemical Actions and Uses,3
Thyroid Hormones,3
Thyroxine,3
"Amino Acids, Aromatic",3
Macrolides,3
Phenyl Ethers,3
Lactones,3
Guaifenesin,3
Ethers,3
Erythromycin,3
Methyl Ethers,3
Polyketides,3
Azithromycin,3
Guaiacol,3
Catechols,3
Imidazoles,3
Diterpenes,3
Alkenes,3
Sodium Compounds,3
Cholestanes,3
Specialty Uses of Chemicals,3
Niacin,3
Membrane Lipids,3
Cholestenes,3
Cariostatic Agents,3
Vitamin E,3
Fluorine Compounds,3
Anions,3
Cetirizine,3
Carotenoids,3
Polyenes,3
Cyclohexenes,3
Biomedical and Dental Materials,3
Protective Agents,3
Sterols,3
Pyrans,3
Retinoids,3
Benzopyrans,3
Ions,3
Glycosides,3
Naphthalenes,3
Urea,3
Atorvastatin,3
Sulfonylurea Compounds,3
Dipeptides,3
Organophosphorus Compounds,3
Purines,3
Norgestrel,3
Nitriles,3
Propylamines,3
Benzofurans,3
Fluticasone,3
Androstadienes,3
Lisinopril,3
Pregnadienetriols,3
Heptanoic Acids,3
Glipizide,3
Oligopeptides,3
Naproxen,2
Lactams,2
Levonorgestrel,2
Nucleosides,2
mRNA Vaccines,2
BNT162 Vaccine,2
Escitalopram,2
Imides,2
Nucleic Acid-Based Vaccines,2
beta-Lactams,2
Deoxycytidine,2
"Steroids, Chlorinated",2
Norethindrone Acetate,2
Recombinant Proteins,2
Norethindrone,2
Antigens,2
Elements,2
Blood Proteins,2
Beclomethasone,2
Ribonucleosides,2
Cytidine,2
Deoxyribonucleosides,2
Pregnenediones,2
Naphthaleneacetic Acids,2
Ad26COVS1,2
Indoles,2
Pregnenes,2
Organophosphonates,2
Sulfonamides,2
Metals,2
Benzhydryl Compounds,2
Emtricitabine,2
"Nucleic Acids, Nucleotides, and Nucleosides",2
Pyrimidine Nucleosides,2
Tenofovir,2
"Vaccines, Synthetic",2
Adenine,2
"Dietary Fats, Unsaturated",1
"Fatty Acids, Omega-3",1
Thiazines,1
Fats,1
Fish Oils,1
"Fatty Acids, Unsaturated",1
Pancreatic Hormones,1
Phosphorus Compounds,1
Cefotaxime,1
Alanine,1
beta-Alanine,1
Tryptamines,1
Biogenic Amines,1
Niacinamide,1
Sumatriptan,1
Biogenic Monoamines,1
2-Pyridinylmethylsulfinylbenzimidazoles,1
Glucosides,1
Omeprazole,1
Sulfoxides,1
Benzimidazoles,1
Budesonide,1
Cephacetrile,1
Proglucagon,1
Oils,1
"Antibodies, Monoclonal",1
Gastrointestinal Hormones,1
Norpregnatrienes,1
"Estrogenic Steroids, Alkylated",1
Biotin,1
Chlorpheniramine,1
Pheniramine,1
Carbazoles,1
Quinolines,1
Quinolones,1
Fluoroquinolones,1
Ofloxacin,1
Ondansetron,1
Meclizine,1
"Amino Acids, Neutral",1
"Metals, Heavy",1
Organometallic Compounds,1
"Amino Acids, Sulfur",1
Methionine,1
Zinc,1
Estradiol Congeners,1
Gonadal Steroid Hormones,1
Ceftizoxime,1
Ethinyl Estradiol,1
Glucagon-Like Peptides,1
Dietary Fats,1
Protein Precursors,1
Peptide Hormones,1
Cephalosporins,1
Methimazole,1
Sulfhydryl Compounds,1
Immunoglobulins,1
"Antibodies, Monoclonal, Humanized",1
Antibodies,1
Benzodiazepines,1
Globulins,1
Benzothiazoles,1
Immunoproteins,1
Serum Globulins,1
Pramipexole,1
Gonadal Hormones,1
Pantothenic Acid,1
Morphine Derivatives,1
Benzazepines,1
Penicillins,1
Clavulanic Acid,1
Penicillin G,1
Naphthacenes,1
Amoxicillin,1
Prednisone,1
Salmeterol Xinafoate,1
Ampicillin,1
Clavulanic Acids,1
Blood Coagulation Factors,1
Tetracyclines,1
Calcium,1
"Metals, Alkaline Earth",1
Dibenzazepines,1
Carbamazepine,1
Doxycycline,1
Pregnadienediols,1
Benzodiazepinones,1
Caffeine,1
Phosphorus Acids,1
Fosinopril,1
Imines,1
Proline,1
Phosphinic Acids,1
Purinones,1
Xanthines,1
Gabapentin,1
Butyrates,1
Cyclohexanecarboxylic Acids,1
gamma-Aminobutyric Acid,1
"Fatty Acids, Volatile",1
Aminobutyrates,1
Carbamates,1
Citalopram,1
Chlorthalidone,1
Phenoxypropanolamines,1
Tamoxifen,1
11-Hydroxycorticosteroids,1
Adrenal Cortex Hormones,1
17-Hydroxycorticosteroids,1
Hydrocortisone,1
Hydroxycorticosteroids,1
"Steroids, Fluorinated",1
Dexamethasone,1
Finasteride,1
Stilbenes,1
Benzylidene Compounds,1
Triazoles,1
Sitagliptin Phosphate,1
Pyrazines,1
Clonazepam,1
Hydromorphone,1
Imino Acids,1
Thiazolidinediones,1
Pioglitazone,1
Phthalic Acids,1
Piperidines,1
Cyproheptadine,1
Ketones,1
Benzocycloheptenes,1
Phthalimides,1
Azasteroids,1
Propranolol,1
Loratadine,1
"Steroids, Heterocyclic",1
Isoindoles,1
Dibenzocycloheptenes,1
Benzophenones,1
Transition Elements,1
