"Diseases, Life Phases, Behavior Mechanisms and Physiologic States",11
Disease,11
Urogenital Diseases,10
Female Urogenital Diseases and Pregnancy Complications,10
Kidney Diseases,9
Female Urogenital Diseases,9
Male Urogenital Diseases,9
Hyperoxaluria,9
Urologic Diseases,9
"Pathological Conditions, Signs and Symptoms",5
Flushing,4
Flatulence,4
"Signs and Symptoms, Digestive",4
Diarrhea,4
Signs and Symptoms,4
Skin Manifestations,4
Pregnancy,2
Pregnancy Complications,2
Reproduction,2
Reproductive Physiological Phenomena,2
"Abortion, Spontaneous",2
Pregnancy Outcome,2
"Life Phases, Behavior Mechanisms and Physiologic States",2
Pathologic Processes,1
Sclerosis,1
