Substances,27
Substances and Cells (CHEM),27
Organic Chemicals,15
Carbohydrates,11
Carboxylic Acids,9
"Acids, Acyclic",9
Ascorbic Acid,9
Sugar Acids,9
Hydroxy Acids,9
Hormones,9
"Hormones, Hormone Substitutes, and Hormone Antagonists",9
Polycyclic Compounds,8
Heterocyclic Compounds,8
Macrocyclic Compounds,7
"Heterocyclic Compounds, 1-Ring",7
"Heterocyclic Compounds, Fused-Ring",7
"Amino Acids, Peptides, and Proteins",6
Azoles,6
Biguanides,6
Amidines,6
Guanidines,6
Corrinoids,5
Gonadal Steroid Hormones,5
Tetrapyrroles,5
Inorganic Chemicals,5
Gonadal Hormones,5
Vitamin B 12,5
Progesterone Congeners,5
"Heterocyclic Compounds, 4 or More Rings",5
Pyrroles,5
Hydrocarbons,4
Proteins,4
"Heterocyclic Compounds, 2-Ring",4
"Hydrocarbons, Cyclic",4
Amides,4
Sulfur Compounds,4
Biological Factors,4
Diterpenes,3
Vitamin A,3
Terpenes,3
"Pigments, Biological",3
Thyroxine,3
"Acids, Heterocyclic",3
Lactones,3
Carotenoids,3
Macrolides,3
Polyenes,3
Pyridines,3
Polyketides,3
"Amino Acids, Cyclic",3
"Amino Acids, Aromatic",3
Thyroid Hormones,3
Amino Acids,3
Cyclohexanes,3
Alkenes,3
Cycloparaffins,3
Sulfonylurea Compounds,3
Urea,3
Sulfones,3
Secosteroids,3
"Hydrocarbons, Alicyclic",3
Steroids,3
Cyclohexenes,3
Fused-Ring Compounds,3
Retinoids,3
Vitamin D,3
Nicotinic Acids,3
"Hydrocarbons, Acyclic",3
Glycosides,2
Nucleosides,2
Blood Proteins,2
"Nucleic Acids, Nucleotides, and Nucleosides",2
Lactams,1
beta-Lactams,1
Fatty Acids,1
Pancreatic Hormones,1
Gastrointestinal Hormones,1
Oils,1
Glucagon-Like Peptides,1
"Fatty Acids, Unsaturated",1
Fish Oils,1
Fats,1
Glucagon-Like Peptide 1,1
Antibodies,1
Dietary Fats,1
Protein Precursors,1
Peptide Hormones,1
Lipids,1
Cephalosporins,1
Immunoglobulins,1
"Fatty Acids, Omega-3",1
"Antibodies, Monoclonal",1
Immunoproteins,1
Globulins,1
Serum Globulins,1
Quinolines,1
Thiazines,1
Peroxisome Proliferator-Activated Receptors,1
"Dietary Fats, Unsaturated",1
PPAR alpha,1
Purinones,1
Xanthines,1
Alkaloids,1
Purines,1
Blood Coagulation Factors,1
Calcium,1
Elements,1
"Metals, Alkaline Earth",1
Metals,1
"Hydrocarbons, Aromatic",1
Transcription Factors,1
Peptides,1
Thiazoles,1
Thiazolidinediones,1
"Receptors, Cytoplasmic and Nuclear",1
PPAR gamma,1
Polycyclic Aromatic Hydrocarbons,1
Tetracyclines,1
Naphthacenes,1
Benzazepines,1
Benzodiazepines,1
Proglucagon,1
Quinolones,1
